{"actions":[],"apps":[{"acl":{"app":[],"field":[],"record":[]},"app":null,"category":{"categories":[],"useCategory":"false"},"form":{"layout":"[{\"id\":null,\"type\":\"ROW\",\"isSubTable\":false,\"var\":null,\"label\":null,\"controlList\":[{\"isVirtical\":true,\"styleMap\":{\"width\":117},\"type\":\"DATE\",\"var\":\"日付\",\"label\":\"日付\"}]},{\"id\":null,\"type\":\"ROW\",\"isSubTable\":false,\"var\":null,\"label\":null,\"controlList\":[{\"isVirtical\":true,\"styleMap\":{\"width\":172},\"type\":\"DECIMAL\",\"var\":\"合計\",\"label\":\"合計\"}]},{\"id\":\"5938716\",\"type\":\"SUBTABLE\",\"isSubTable\":true,\"var\":\"明細\",\"label\":\"明細\",\"controlList\":[{\"isVirtical\":true,\"styleMap\":{\"width\":408},\"type\":\"SINGLE_LINE_TEXT\",\"var\":\"商品検索\",\"label\":\"商品検索\"},{\"isVirtical\":true,\"styleMap\":{\"width\":302},\"type\":\"SINGLE_LINE_TEXT\",\"var\":\"商品名\",\"label\":\"商品名\"},{\"isVirtical\":true,\"styleMap\":{\"width\":137},\"type\":\"DECIMAL\",\"var\":\"単価\",\"label\":\"単価\"},{\"isVirtical\":true,\"styleMap\":{\"width\":115},\"type\":\"DECIMAL\",\"var\":\"数量\",\"label\":\"数量\"},{\"isVirtical\":true,\"styleMap\":{\"width\":150},\"type\":\"DECIMAL\",\"var\":\"小計\",\"label\":\"小計\"}]}]","revision":null},"iconMeta":null,"info":{"automaticallyChooseTitleComponent":"true","code":null,"decimalPrecision":"16","decimalScale":"4","description":"\u003Cdiv\u003E\u003Cbr /\u003E\u003C/div\u003E","enableBulkDeletion":"false","enableRecordReuse":"true","fiscalYearStartMonth":"4","iconKey":"APP39","iconType":"PRESET","jsFiles":null,"jsScope":"ALL","name":"売上登録","roundingMode":"HALF_EVEN","theme":"PLAIN","titleComponentLocalId":null,"useComment":"true","useHistory":"true","useThumbnail":"true"},"jsFiles":[{"jsFileMetas":[{"internalName":null,"locationType":"BLOB","mime":"text/javascript","name":"order.js","url":null}],"jsType":"DESKTOP"}],"notification":{"appNotifications":[{"events":["RECORD_COMMENT_ADDED"],"target":{"entityId":"5938654","entityType":"FIELD_ENTITY","includeSubs":"false"}},{"events":["RECORD_COMMENT_ADDED"],"target":{"entityId":"5938655","entityType":"FIELD_ENTITY","includeSubs":"false"}}],"recordNotifications":[],"reminderTimezone":null,"reminders":[],"useComment":"true","useReminder":"false"},"plugins":[],"reports":[],"resource":{"tables":[{"rows":[{"fields":[],"objectId":"0","subObjectId":"-1"}],"type":"AppName"},{"rows":[{"fields":[],"objectId":"0","subObjectId":"-1"}],"type":"AppDescription"},{"rows":[{"fields":[],"objectId":"5938653","subObjectId":"-1"},{"fields":[],"objectId":"5938654","subObjectId":"-1"},{"fields":[],"objectId":"5938655","subObjectId":"-1"},{"fields":[],"objectId":"5938656","subObjectId":"-1"},{"fields":[],"objectId":"5938657","subObjectId":"-1"},{"fields":[],"objectId":"5938658","subObjectId":"-1"},{"fields":[],"objectId":"5938659","subObjectId":"-1"},{"fields":[],"objectId":"5938660","subObjectId":"-1"},{"fields":[],"objectId":"5938661","subObjectId":"-1"},{"fields":[],"objectId":"5938706","subObjectId":"-1"},{"fields":[],"objectId":"5938716","subObjectId":"-1"},{"fields":[],"objectId":"5938711","subObjectId":"-1"},{"fields":[],"objectId":"5938712","subObjectId":"-1"},{"fields":[],"objectId":"5938713","subObjectId":"-1"},{"fields":[],"objectId":"5938714","subObjectId":"-1"},{"fields":[],"objectId":"5938715","subObjectId":"-1"}],"type":"FieldLabel"},{"rows":[{"fields":[],"objectId":"5938727","subObjectId":"-1"},{"fields":[],"objectId":"20","subObjectId":"-1"}],"type":"ViewName"}]},"schema":{"groups":[],"revision":null,"subTable":{"5938716":{"fieldList":{"5938711":{"id":"5938711","label":"商品検索","properties":{"defaultValue":"","expression":"","hideExpression":"false","max":null,"min":null,"noLabel":"false","required":"false","unique":"false"},"type":"SINGLE_LINE_TEXT","var":"商品検索"},"5938712":{"id":"5938712","label":"商品名","properties":{"defaultValue":"","expression":"","hideExpression":"false","max":null,"min":null,"noLabel":"false","required":"false","unique":"false"},"type":"SINGLE_LINE_TEXT","var":"商品名"},"5938713":{"id":"5938713","label":"単価","properties":{"defaultValue":null,"digit":"true","displayScale":null,"max":null,"min":null,"noLabel":"false","required":"true","roundingMode":null,"scale":null,"unique":"false","unit":"","unitPosition":"BEFORE"},"type":"DECIMAL","var":"単価"},"5938714":{"id":"5938714","label":"数量","properties":{"defaultValue":"1","digit":"true","displayScale":null,"max":null,"min":null,"noLabel":"false","required":"true","roundingMode":null,"scale":null,"unique":"false","unit":"","unitPosition":"BEFORE"},"type":"DECIMAL","var":"数量"},"5938715":{"id":"5938715","label":"小計","properties":{"defaultValue":"0","digit":"true","displayScale":null,"max":null,"min":null,"noLabel":"false","required":"true","roundingMode":null,"scale":null,"unique":"false","unit":"","unitPosition":"BEFORE"},"type":"DECIMAL","var":"小計"}},"id":"5938716","label":"明細","properties":{"noLabel":"false"},"var":"明細"}},"table":{"fieldList":{"5938653":{"id":"5938653","label":"レコード番号","properties":{"noLabel":"false","required":"true"},"type":"RECORD_ID","var":"レコード番号"},"5938654":{"id":"5938654","label":"更新者","properties":{"noLabel":"false","required":"true"},"type":"MODIFIER","var":"更新者"},"5938655":{"id":"5938655","label":"作成者","properties":{"noLabel":"false","required":"true"},"type":"CREATOR","var":"作成者"},"5938656":{"id":"5938656","label":"更新日時","properties":{"noLabel":"false","required":"true"},"type":"MODIFIED_AT","var":"更新日時"},"5938657":{"id":"5938657","label":"作成日時","properties":{"noLabel":"false","required":"true"},"type":"CREATED_AT","var":"作成日時"},"5938658":{"id":"5938658","label":"ステータス","properties":{"noLabel":"false","required":"false"},"type":"STATUS","var":"ステータス"},"5938659":{"id":"5938659","label":"作業者","properties":{"noLabel":"false","required":"false"},"type":"STATUS_ASSIGNEE","var":"作業者"},"5938660":{"id":"5938660","label":"カテゴリー","properties":{"noLabel":"false","required":"false"},"type":"CATEGORY","var":"カテゴリー"},"5938661":{"id":"5938661","label":"日付","properties":{"defaultExpression":"NOW","defaultValue":null,"noLabel":"false","required":"false","unique":"false"},"type":"DATE","var":"日付"},"5938706":{"id":"5938706","label":"合計","properties":{"defaultValue":"0","digit":"true","displayScale":null,"max":null,"min":null,"noLabel":"false","required":"true","roundingMode":null,"scale":null,"unique":"false","unit":"","unitPosition":"BEFORE"},"type":"DECIMAL","var":"合計"}},"id":"1","label":"__ROOT__","properties":null,"var":"__ROOT__"}},"settingsNotesForm":{"content":null,"willBeInherited":null},"status":{"actions":[],"filters":[],"initialStateId":null,"states":[],"useStatus":"false"},"uuid":"a1fff6de-5e11-4894-afb1-a5e716010ec0","views":[{"advancedMode":"false","builtinType":null,"device":null,"fields":[{"row":[{"columnWidth":null,"id":"5938661"},{"columnWidth":null,"id":"5938706"},{"columnWidth":null,"id":"5938716"}]}],"filter":{"category":null,"offset":null,"order":["DESC"],"q":null,"size":null,"sort":["f5938653"]},"html":null,"keyFieldId":null,"name":"一覧","pager":null,"revision":null,"titleFieldId":null,"view":"5938727","viewType":"LIST"},{"advancedMode":null,"builtinType":"ALL","device":null,"fields":[{"row":[{"columnWidth":null,"id":"5938653"},{"columnWidth":null,"id":"5938661"},{"columnWidth":null,"id":"5938706"}]}],"filter":{"category":null,"offset":null,"order":[],"q":null,"size":null,"sort":[]},"html":null,"keyFieldId":null,"name":"（すべて）","pager":null,"revision":null,"titleFieldId":null,"view":"20","viewType":"LIST"}]},{"acl":{"app":[],"field":[],"record":[]},"app":null,"category":{"categories":[],"useCategory":"false"},"form":{"layout":"[{\"id\":null,\"type\":\"ROW\",\"isSubTable\":false,\"var\":null,\"label\":null,\"controlList\":[{\"isVirtical\":true,\"styleMap\":{\"width\":193},\"type\":\"SINGLE_LINE_TEXT\",\"var\":\"大分類名\",\"label\":\"大分類名\"},{\"isVirtical\":true,\"styleMap\":{\"width\":423},\"type\":\"SINGLE_LINE_TEXT\",\"var\":\"大分類検索\",\"label\":\"大分類検索\"}]},{\"id\":null,\"type\":\"ROW\",\"isSubTable\":false,\"var\":null,\"label\":null,\"controlList\":[{\"isVirtical\":true,\"styleMap\":{\"width\":193},\"type\":\"SINGLE_LINE_TEXT\",\"var\":\"中分類名\",\"label\":\"中分類名\"},{\"isVirtical\":true,\"styleMap\":{\"width\":423},\"type\":\"SINGLE_LINE_TEXT\",\"var\":\"中分類検索\",\"label\":\"中分類検索\"}]},{\"id\":null,\"type\":\"ROW\",\"isSubTable\":false,\"var\":null,\"label\":null,\"controlList\":[{\"isVirtical\":true,\"styleMap\":{\"width\":193},\"type\":\"SINGLE_LINE_TEXT\",\"var\":\"小分類名\",\"label\":\"小分類名\"},{\"isVirtical\":true,\"styleMap\":{\"width\":423},\"type\":\"SINGLE_LINE_TEXT\",\"var\":\"小分類検索\",\"label\":\"小分類検索\"}]},{\"id\":null,\"type\":\"ROW\",\"isSubTable\":false,\"var\":null,\"label\":null,\"controlList\":[{\"isVirtical\":true,\"styleMap\":{\"width\":423},\"type\":\"SINGLE_LINE_TEXT\",\"var\":\"商品名\",\"label\":\"商品名\"}]},{\"id\":null,\"type\":\"ROW\",\"isSubTable\":false,\"var\":null,\"label\":null,\"controlList\":[{\"isVirtical\":true,\"styleMap\":{\"width\":193},\"type\":\"DECIMAL\",\"var\":\"単価\",\"label\":\"単価\"}]},{\"id\":null,\"type\":\"ROW\",\"isSubTable\":false,\"var\":null,\"label\":null,\"controlList\":[{\"isVirtical\":true,\"styleMap\":{\"width\":423},\"type\":\"SINGLE_LINE_TEXT\",\"var\":\"情報検索\",\"label\":\"情報検索\"}]}]","revision":null},"iconMeta":null,"info":{"automaticallyChooseTitleComponent":"true","code":null,"decimalPrecision":"16","decimalScale":"4","description":"\u003Cdiv\u003E\u003Cbr /\u003E\u003C/div\u003E","enableBulkDeletion":"true","enableRecordReuse":"true","fiscalYearStartMonth":"4","iconKey":"APP39","iconType":"PRESET","jsFiles":null,"jsScope":"ALL","name":"商品マスタ","roundingMode":"HALF_EVEN","theme":"PLAIN","titleComponentLocalId":null,"useComment":"true","useHistory":"true","useThumbnail":"true"},"jsFiles":[{"jsFileMetas":[{"internalName":null,"locationType":"BLOB","mime":"text/javascript","name":"item.js","url":null}],"jsType":"DESKTOP"}],"notification":{"appNotifications":[{"events":["RECORD_COMMENT_ADDED"],"target":{"entityId":"5938635","entityType":"FIELD_ENTITY","includeSubs":"false"}},{"events":["RECORD_COMMENT_ADDED"],"target":{"entityId":"5938636","entityType":"FIELD_ENTITY","includeSubs":"false"}}],"recordNotifications":[],"reminderTimezone":null,"reminders":[],"useComment":"true","useReminder":"false"},"plugins":[],"reports":[],"resource":{"tables":[{"rows":[{"fields":[],"objectId":"0","subObjectId":"-1"}],"type":"AppName"},{"rows":[{"fields":[],"objectId":"0","subObjectId":"-1"}],"type":"AppDescription"},{"rows":[{"fields":[],"objectId":"5938634","subObjectId":"-1"},{"fields":[],"objectId":"5938635","subObjectId":"-1"},{"fields":[],"objectId":"5938636","subObjectId":"-1"},{"fields":[],"objectId":"5938637","subObjectId":"-1"},{"fields":[],"objectId":"5938638","subObjectId":"-1"},{"fields":[],"objectId":"5938639","subObjectId":"-1"},{"fields":[],"objectId":"5938640","subObjectId":"-1"},{"fields":[],"objectId":"5938641","subObjectId":"-1"},{"fields":[],"objectId":"5938649","subObjectId":"-1"},{"fields":[],"objectId":"5938650","subObjectId":"-1"},{"fields":[],"objectId":"5938685","subObjectId":"-1"},{"fields":[],"objectId":"5938686","subObjectId":"-1"},{"fields":[],"objectId":"5938690","subObjectId":"-1"},{"fields":[],"objectId":"5938695","subObjectId":"-1"},{"fields":[],"objectId":"5938696","subObjectId":"-1"},{"fields":[],"objectId":"5938702","subObjectId":"-1"},{"fields":[],"objectId":"5938703","subObjectId":"-1"}],"type":"FieldLabel"},{"rows":[{"fields":[],"objectId":"5938725","subObjectId":"-1"},{"fields":[],"objectId":"20","subObjectId":"-1"}],"type":"ViewName"}]},"schema":{"groups":[],"revision":null,"subTable":{},"table":{"fieldList":{"5938634":{"id":"5938634","label":"レコード番号","properties":{"noLabel":"false","required":"true"},"type":"RECORD_ID","var":"レコード番号"},"5938635":{"id":"5938635","label":"更新者","properties":{"noLabel":"false","required":"true"},"type":"MODIFIER","var":"更新者"},"5938636":{"id":"5938636","label":"作成者","properties":{"noLabel":"false","required":"true"},"type":"CREATOR","var":"作成者"},"5938637":{"id":"5938637","label":"更新日時","properties":{"noLabel":"false","required":"true"},"type":"MODIFIED_AT","var":"更新日時"},"5938638":{"id":"5938638","label":"作成日時","properties":{"noLabel":"false","required":"true"},"type":"CREATED_AT","var":"作成日時"},"5938639":{"id":"5938639","label":"ステータス","properties":{"noLabel":"false","required":"false"},"type":"STATUS","var":"ステータス"},"5938640":{"id":"5938640","label":"作業者","properties":{"noLabel":"false","required":"false"},"type":"STATUS_ASSIGNEE","var":"作業者"},"5938641":{"id":"5938641","label":"カテゴリー","properties":{"noLabel":"false","required":"false"},"type":"CATEGORY","var":"カテゴリー"},"5938649":{"id":"5938649","label":"商品名","properties":{"defaultValue":"","expression":"","hideExpression":"false","max":null,"min":null,"noLabel":"false","required":"true","unique":"false"},"type":"SINGLE_LINE_TEXT","var":"商品名"},"5938650":{"id":"5938650","label":"情報検索","properties":{"defaultValue":"","expression":"","hideExpression":"false","max":"64","min":null,"noLabel":"false","required":"true","unique":"true"},"type":"SINGLE_LINE_TEXT","var":"情報検索"},"5938685":{"id":"5938685","label":"大分類検索","properties":{"defaultValue":"","expression":"","hideExpression":"false","max":null,"min":null,"noLabel":"false","required":"true","unique":"false"},"type":"SINGLE_LINE_TEXT","var":"大分類検索"},"5938686":{"id":"5938686","label":"中分類検索","properties":{"defaultValue":"","expression":"","hideExpression":"false","max":null,"min":null,"noLabel":"false","required":"true","unique":"false"},"type":"SINGLE_LINE_TEXT","var":"中分類検索"},"5938690":{"id":"5938690","label":"単価","properties":{"defaultValue":"0","digit":"true","displayScale":null,"max":null,"min":null,"noLabel":"false","required":"true","roundingMode":null,"scale":null,"unique":"false","unit":"","unitPosition":"BEFORE"},"type":"DECIMAL","var":"単価"},"5938695":{"id":"5938695","label":"大分類名","properties":{"defaultValue":"","expression":"","hideExpression":"false","max":null,"min":null,"noLabel":"false","required":"false","unique":"false"},"type":"SINGLE_LINE_TEXT","var":"大分類名"},"5938696":{"id":"5938696","label":"中分類名","properties":{"defaultValue":"","expression":"","hideExpression":"false","max":null,"min":null,"noLabel":"false","required":"false","unique":"false"},"type":"SINGLE_LINE_TEXT","var":"中分類名"},"5938702":{"id":"5938702","label":"小分類検索","properties":{"defaultValue":"","expression":"","hideExpression":"false","max":null,"min":null,"noLabel":"false","required":"true","unique":"false"},"type":"SINGLE_LINE_TEXT","var":"小分類検索"},"5938703":{"id":"5938703","label":"小分類名","properties":{"defaultValue":"","expression":"","hideExpression":"false","max":null,"min":null,"noLabel":"false","required":"false","unique":"false"},"type":"SINGLE_LINE_TEXT","var":"小分類名"}},"id":"1","label":"__ROOT__","properties":null,"var":"__ROOT__"}},"settingsNotesForm":{"content":null,"willBeInherited":null},"status":{"actions":[],"filters":[],"initialStateId":null,"states":[],"useStatus":"false"},"uuid":"0136eeeb-e67f-45b9-9de9-cc27bb75be9b","views":[{"advancedMode":"false","builtinType":null,"device":null,"fields":[{"row":[{"columnWidth":null,"id":"5938695"},{"columnWidth":null,"id":"5938696"},{"columnWidth":null,"id":"5938703"},{"columnWidth":null,"id":"5938649"},{"columnWidth":null,"id":"5938690"}]}],"filter":{"category":null,"offset":null,"order":["ASC","ASC","ASC","ASC"],"q":null,"size":null,"sort":["f5938695","f5938696","f5938703","f5938649"]},"html":null,"keyFieldId":null,"name":"一覧","pager":null,"revision":null,"titleFieldId":null,"view":"5938725","viewType":"LIST"},{"advancedMode":null,"builtinType":"ALL","device":null,"fields":[{"row":[{"columnWidth":null,"id":"5938634"},{"columnWidth":null,"id":"5938649"},{"columnWidth":null,"id":"5938650"},{"columnWidth":null,"id":"5938685"},{"columnWidth":null,"id":"5938686"},{"columnWidth":null,"id":"5938690"},{"columnWidth":null,"id":"5938695"},{"columnWidth":null,"id":"5938696"},{"columnWidth":null,"id":"5938702"},{"columnWidth":null,"id":"5938703"}]}],"filter":{"category":null,"offset":null,"order":[],"q":null,"size":null,"sort":[]},"html":null,"keyFieldId":null,"name":"（すべて）","pager":null,"revision":null,"titleFieldId":null,"view":"20","viewType":"LIST"}]},{"acl":{"app":[],"field":[],"record":[]},"app":null,"category":{"categories":[],"useCategory":"false"},"form":{"layout":"[{\"id\":null,\"type\":\"ROW\",\"isSubTable\":false,\"var\":null,\"label\":null,\"controlList\":[{\"isVirtical\":true,\"styleMap\":{\"width\":193},\"type\":\"SINGLE_LINE_TEXT\",\"var\":\"大分類名\",\"label\":\"大分類名\"}]},{\"id\":null,\"type\":\"ROW\",\"isSubTable\":false,\"var\":null,\"label\":null,\"controlList\":[{\"isVirtical\":true,\"styleMap\":{\"width\":386},\"type\":\"SINGLE_LINE_TEXT\",\"var\":\"情報検索\",\"label\":\"情報検索\"}]}]","revision":null},"iconMeta":null,"info":{"automaticallyChooseTitleComponent":"true","code":null,"decimalPrecision":"16","decimalScale":"4","description":"\u003Cdiv\u003E\u003Cbr /\u003E\u003C/div\u003E","enableBulkDeletion":"false","enableRecordReuse":"true","fiscalYearStartMonth":"4","iconKey":"APP39","iconType":"PRESET","jsFiles":null,"jsScope":"ALL","name":"大分類マスタ","roundingMode":"HALF_EVEN","theme":"PLAIN","titleComponentLocalId":null,"useComment":"true","useHistory":"true","useThumbnail":"true"},"jsFiles":[{"jsFileMetas":[{"internalName":null,"locationType":"BLOB","mime":"text/javascript","name":"class1.js","url":null}],"jsType":"DESKTOP"}],"notification":{"appNotifications":[{"events":["RECORD_COMMENT_ADDED"],"target":{"entityId":"5938665","entityType":"FIELD_ENTITY","includeSubs":"false"}},{"events":["RECORD_COMMENT_ADDED"],"target":{"entityId":"5938666","entityType":"FIELD_ENTITY","includeSubs":"false"}}],"recordNotifications":[],"reminderTimezone":null,"reminders":[],"useComment":"true","useReminder":"false"},"plugins":[],"reports":[],"resource":{"tables":[{"rows":[{"fields":[],"objectId":"0","subObjectId":"-1"}],"type":"AppName"},{"rows":[{"fields":[],"objectId":"0","subObjectId":"-1"}],"type":"AppDescription"},{"rows":[{"fields":[],"objectId":"5938664","subObjectId":"-1"},{"fields":[],"objectId":"5938665","subObjectId":"-1"},{"fields":[],"objectId":"5938666","subObjectId":"-1"},{"fields":[],"objectId":"5938667","subObjectId":"-1"},{"fields":[],"objectId":"5938668","subObjectId":"-1"},{"fields":[],"objectId":"5938669","subObjectId":"-1"},{"fields":[],"objectId":"5938670","subObjectId":"-1"},{"fields":[],"objectId":"5938671","subObjectId":"-1"},{"fields":[],"objectId":"5938673","subObjectId":"-1"},{"fields":[],"objectId":"5938679","subObjectId":"-1"}],"type":"FieldLabel"},{"rows":[{"fields":[],"objectId":"5938719","subObjectId":"-1"},{"fields":[],"objectId":"20","subObjectId":"-1"}],"type":"ViewName"}]},"schema":{"groups":[],"revision":null,"subTable":{},"table":{"fieldList":{"5938664":{"id":"5938664","label":"レコード番号","properties":{"noLabel":"false","required":"true"},"type":"RECORD_ID","var":"レコード番号"},"5938665":{"id":"5938665","label":"更新者","properties":{"noLabel":"false","required":"true"},"type":"MODIFIER","var":"更新者"},"5938666":{"id":"5938666","label":"作成者","properties":{"noLabel":"false","required":"true"},"type":"CREATOR","var":"作成者"},"5938667":{"id":"5938667","label":"更新日時","properties":{"noLabel":"false","required":"true"},"type":"MODIFIED_AT","var":"更新日時"},"5938668":{"id":"5938668","label":"作成日時","properties":{"noLabel":"false","required":"true"},"type":"CREATED_AT","var":"作成日時"},"5938669":{"id":"5938669","label":"ステータス","properties":{"noLabel":"false","required":"false"},"type":"STATUS","var":"ステータス"},"5938670":{"id":"5938670","label":"作業者","properties":{"noLabel":"false","required":"false"},"type":"STATUS_ASSIGNEE","var":"作業者"},"5938671":{"id":"5938671","label":"カテゴリー","properties":{"noLabel":"false","required":"false"},"type":"CATEGORY","var":"カテゴリー"},"5938673":{"id":"5938673","label":"大分類名","properties":{"defaultValue":"","expression":"","hideExpression":"false","max":"64","min":null,"noLabel":"false","required":"true","unique":"true"},"type":"SINGLE_LINE_TEXT","var":"大分類名"},"5938679":{"id":"5938679","label":"情報検索","properties":{"defaultValue":"","expression":"","hideExpression":"false","max":"64","min":null,"noLabel":"false","required":"true","unique":"true"},"type":"SINGLE_LINE_TEXT","var":"情報検索"}},"id":"1","label":"__ROOT__","properties":null,"var":"__ROOT__"}},"settingsNotesForm":{"content":null,"willBeInherited":null},"status":{"actions":[],"filters":[],"initialStateId":null,"states":[],"useStatus":"false"},"uuid":"79daaf9d-9cef-48dc-bc84-ce292013cf83","views":[{"advancedMode":"false","builtinType":null,"device":null,"fields":[{"row":[{"columnWidth":null,"id":"5938673"}]}],"filter":{"category":null,"offset":null,"order":["ASC"],"q":null,"size":null,"sort":["f5938673"]},"html":null,"keyFieldId":null,"name":"一覧","pager":null,"revision":null,"titleFieldId":null,"view":"5938719","viewType":"LIST"},{"advancedMode":null,"builtinType":"ALL","device":null,"fields":[{"row":[{"columnWidth":null,"id":"5938664"},{"columnWidth":null,"id":"5938673"},{"columnWidth":null,"id":"5938679"}]}],"filter":{"category":null,"offset":null,"order":[],"q":null,"size":null,"sort":[]},"html":null,"keyFieldId":null,"name":"（すべて）","pager":null,"revision":null,"titleFieldId":null,"view":"20","viewType":"LIST"}]},{"acl":{"app":[],"field":[],"record":[]},"app":null,"category":{"categories":[],"useCategory":"false"},"form":{"layout":"[{\"id\":null,\"type\":\"ROW\",\"isSubTable\":false,\"var\":null,\"label\":null,\"controlList\":[{\"isVirtical\":true,\"styleMap\":{\"width\":193},\"type\":\"SINGLE_LINE_TEXT\",\"var\":\"大分類名\",\"label\":\"大分類名\"},{\"isVirtical\":true,\"styleMap\":{\"width\":386},\"type\":\"SINGLE_LINE_TEXT\",\"var\":\"大分類検索\",\"label\":\"大分類検索\"}]},{\"id\":null,\"type\":\"ROW\",\"isSubTable\":false,\"var\":null,\"label\":null,\"controlList\":[{\"isVirtical\":true,\"styleMap\":{\"width\":193},\"type\":\"SINGLE_LINE_TEXT\",\"var\":\"中分類名\",\"label\":\"中分類名\"}]},{\"id\":null,\"type\":\"ROW\",\"isSubTable\":false,\"var\":null,\"label\":null,\"controlList\":[{\"isVirtical\":true,\"styleMap\":{\"width\":458},\"type\":\"SINGLE_LINE_TEXT\",\"var\":\"情報検索\",\"label\":\"情報検索\"}]}]","revision":null},"iconMeta":null,"info":{"automaticallyChooseTitleComponent":"true","code":null,"decimalPrecision":"16","decimalScale":"4","description":"\u003Cdiv\u003E\u003Cbr /\u003E\u003C/div\u003E","enableBulkDeletion":"false","enableRecordReuse":"true","fiscalYearStartMonth":"4","iconKey":"APP39","iconType":"PRESET","jsFiles":null,"jsScope":"ALL","name":"中分類マスタ","roundingMode":"HALF_EVEN","theme":"PLAIN","titleComponentLocalId":null,"useComment":"true","useHistory":"true","useThumbnail":"true"},"jsFiles":[{"jsFileMetas":[{"internalName":null,"locationType":"BLOB","mime":"text/javascript","name":"class2.js","url":null}],"jsType":"DESKTOP"}],"notification":{"appNotifications":[{"events":["RECORD_COMMENT_ADDED"],"target":{"entityId":"5938665","entityType":"FIELD_ENTITY","includeSubs":"false"}},{"events":["RECORD_COMMENT_ADDED"],"target":{"entityId":"5938666","entityType":"FIELD_ENTITY","includeSubs":"false"}}],"recordNotifications":[],"reminderTimezone":null,"reminders":[],"useComment":"true","useReminder":"false"},"plugins":[],"reports":[],"resource":{"tables":[{"rows":[{"fields":[],"objectId":"0","subObjectId":"-1"}],"type":"AppName"},{"rows":[{"fields":[],"objectId":"0","subObjectId":"-1"}],"type":"AppDescription"},{"rows":[{"fields":[],"objectId":"5938664","subObjectId":"-1"},{"fields":[],"objectId":"5938665","subObjectId":"-1"},{"fields":[],"objectId":"5938666","subObjectId":"-1"},{"fields":[],"objectId":"5938667","subObjectId":"-1"},{"fields":[],"objectId":"5938668","subObjectId":"-1"},{"fields":[],"objectId":"5938669","subObjectId":"-1"},{"fields":[],"objectId":"5938670","subObjectId":"-1"},{"fields":[],"objectId":"5938671","subObjectId":"-1"},{"fields":[],"objectId":"5938673","subObjectId":"-1"},{"fields":[],"objectId":"5938681","subObjectId":"-1"},{"fields":[],"objectId":"5938683","subObjectId":"-1"},{"fields":[],"objectId":"5938684","subObjectId":"-1"}],"type":"FieldLabel"},{"rows":[{"fields":[],"objectId":"5938721","subObjectId":"-1"},{"fields":[],"objectId":"20","subObjectId":"-1"}],"type":"ViewName"}]},"schema":{"groups":[],"revision":null,"subTable":{},"table":{"fieldList":{"5938664":{"id":"5938664","label":"レコード番号","properties":{"noLabel":"false","required":"true"},"type":"RECORD_ID","var":"レコード番号"},"5938665":{"id":"5938665","label":"更新者","properties":{"noLabel":"false","required":"true"},"type":"MODIFIER","var":"更新者"},"5938666":{"id":"5938666","label":"作成者","properties":{"noLabel":"false","required":"true"},"type":"CREATOR","var":"作成者"},"5938667":{"id":"5938667","label":"更新日時","properties":{"noLabel":"false","required":"true"},"type":"MODIFIED_AT","var":"更新日時"},"5938668":{"id":"5938668","label":"作成日時","properties":{"noLabel":"false","required":"true"},"type":"CREATED_AT","var":"作成日時"},"5938669":{"id":"5938669","label":"ステータス","properties":{"noLabel":"false","required":"false"},"type":"STATUS","var":"ステータス"},"5938670":{"id":"5938670","label":"作業者","properties":{"noLabel":"false","required":"false"},"type":"STATUS_ASSIGNEE","var":"作業者"},"5938671":{"id":"5938671","label":"カテゴリー","properties":{"noLabel":"false","required":"false"},"type":"CATEGORY","var":"カテゴリー"},"5938673":{"id":"5938673","label":"大分類名","properties":{"defaultValue":"","expression":"","hideExpression":"false","max":null,"min":null,"noLabel":"false","required":"false","unique":"false"},"type":"SINGLE_LINE_TEXT","var":"大分類名"},"5938681":{"id":"5938681","label":"大分類検索","properties":{"defaultValue":"","expression":"","hideExpression":"false","max":null,"min":null,"noLabel":"false","required":"true","unique":"false"},"type":"SINGLE_LINE_TEXT","var":"大分類検索"},"5938683":{"id":"5938683","label":"中分類名","properties":{"defaultValue":"","expression":"","hideExpression":"false","max":null,"min":null,"noLabel":"false","required":"true","unique":"false"},"type":"SINGLE_LINE_TEXT","var":"中分類名"},"5938684":{"id":"5938684","label":"情報検索","properties":{"defaultValue":"","expression":"","hideExpression":"false","max":"64","min":null,"noLabel":"false","required":"true","unique":"true"},"type":"SINGLE_LINE_TEXT","var":"情報検索"}},"id":"1","label":"__ROOT__","properties":null,"var":"__ROOT__"}},"settingsNotesForm":{"content":null,"willBeInherited":null},"status":{"actions":[],"filters":[],"initialStateId":null,"states":[],"useStatus":"false"},"uuid":"102fbf22-e6a0-4f92-bc49-ada2af48447e","views":[{"advancedMode":"false","builtinType":null,"device":null,"fields":[{"row":[{"columnWidth":null,"id":"5938673"},{"columnWidth":null,"id":"5938683"}]}],"filter":{"category":null,"offset":null,"order":["ASC","ASC"],"q":null,"size":null,"sort":["f5938673","f5938683"]},"html":null,"keyFieldId":null,"name":"一覧","pager":null,"revision":null,"titleFieldId":null,"view":"5938721","viewType":"LIST"},{"advancedMode":null,"builtinType":"ALL","device":null,"fields":[{"row":[{"columnWidth":null,"id":"5938664"},{"columnWidth":null,"id":"5938673"},{"columnWidth":null,"id":"5938681"},{"columnWidth":null,"id":"5938683"},{"columnWidth":null,"id":"5938684"}]}],"filter":{"category":null,"offset":null,"order":[],"q":null,"size":null,"sort":[]},"html":null,"keyFieldId":null,"name":"（すべて）","pager":null,"revision":null,"titleFieldId":null,"view":"20","viewType":"LIST"}]},{"acl":{"app":[],"field":[],"record":[]},"app":null,"category":{"categories":[],"useCategory":"false"},"form":{"layout":"[{\"id\":null,\"type\":\"ROW\",\"isSubTable\":false,\"var\":null,\"label\":null,\"controlList\":[{\"isVirtical\":true,\"styleMap\":{\"width\":193},\"type\":\"SINGLE_LINE_TEXT\",\"var\":\"大分類名\",\"label\":\"大分類名\"},{\"isVirtical\":true,\"styleMap\":{\"width\":386},\"type\":\"SINGLE_LINE_TEXT\",\"var\":\"大分類検索\",\"label\":\"大分類検索\"}]},{\"id\":null,\"type\":\"ROW\",\"isSubTable\":false,\"var\":null,\"label\":null,\"controlList\":[{\"isVirtical\":true,\"styleMap\":{\"width\":193},\"type\":\"SINGLE_LINE_TEXT\",\"var\":\"中分類名\",\"label\":\"中分類名\"},{\"isVirtical\":true,\"styleMap\":{\"width\":386},\"type\":\"SINGLE_LINE_TEXT\",\"var\":\"中分類検索\",\"label\":\"中分類検索\"}]},{\"id\":null,\"type\":\"ROW\",\"isSubTable\":false,\"var\":null,\"label\":null,\"controlList\":[{\"isVirtical\":true,\"styleMap\":{\"width\":193},\"type\":\"SINGLE_LINE_TEXT\",\"var\":\"小分類名\",\"label\":\"小分類名\"}]},{\"id\":null,\"type\":\"ROW\",\"isSubTable\":false,\"var\":null,\"label\":null,\"controlList\":[{\"isVirtical\":true,\"styleMap\":{\"width\":458},\"type\":\"SINGLE_LINE_TEXT\",\"var\":\"情報検索\",\"label\":\"情報検索\"}]}]","revision":null},"iconMeta":null,"info":{"automaticallyChooseTitleComponent":"true","code":null,"decimalPrecision":"16","decimalScale":"4","description":"\u003Cdiv\u003E\u003Cbr /\u003E\u003C/div\u003E","enableBulkDeletion":"false","enableRecordReuse":"true","fiscalYearStartMonth":"4","iconKey":"APP39","iconType":"PRESET","jsFiles":null,"jsScope":"ALL","name":"小分類マスタ","roundingMode":"HALF_EVEN","theme":"PLAIN","titleComponentLocalId":null,"useComment":"true","useHistory":"true","useThumbnail":"true"},"jsFiles":[{"jsFileMetas":[{"internalName":null,"locationType":"BLOB","mime":"text/javascript","name":"class3.js","url":null}],"jsType":"DESKTOP"}],"notification":{"appNotifications":[{"events":["RECORD_COMMENT_ADDED"],"target":{"entityId":"5938665","entityType":"FIELD_ENTITY","includeSubs":"false"}},{"events":["RECORD_COMMENT_ADDED"],"target":{"entityId":"5938666","entityType":"FIELD_ENTITY","includeSubs":"false"}}],"recordNotifications":[],"reminderTimezone":null,"reminders":[],"useComment":"true","useReminder":"false"},"plugins":[],"reports":[],"resource":{"tables":[{"rows":[{"fields":[],"objectId":"0","subObjectId":"-1"}],"type":"AppName"},{"rows":[{"fields":[],"objectId":"0","subObjectId":"-1"}],"type":"AppDescription"},{"rows":[{"fields":[],"objectId":"5938664","subObjectId":"-1"},{"fields":[],"objectId":"5938665","subObjectId":"-1"},{"fields":[],"objectId":"5938666","subObjectId":"-1"},{"fields":[],"objectId":"5938667","subObjectId":"-1"},{"fields":[],"objectId":"5938668","subObjectId":"-1"},{"fields":[],"objectId":"5938669","subObjectId":"-1"},{"fields":[],"objectId":"5938670","subObjectId":"-1"},{"fields":[],"objectId":"5938671","subObjectId":"-1"},{"fields":[],"objectId":"5938673","subObjectId":"-1"},{"fields":[],"objectId":"5938681","subObjectId":"-1"},{"fields":[],"objectId":"5938683","subObjectId":"-1"},{"fields":[],"objectId":"5938684","subObjectId":"-1"},{"fields":[],"objectId":"5938699","subObjectId":"-1"},{"fields":[],"objectId":"5938700","subObjectId":"-1"}],"type":"FieldLabel"},{"rows":[{"fields":[],"objectId":"5938723","subObjectId":"-1"},{"fields":[],"objectId":"20","subObjectId":"-1"}],"type":"ViewName"}]},"schema":{"groups":[],"revision":null,"subTable":{},"table":{"fieldList":{"5938664":{"id":"5938664","label":"レコード番号","properties":{"noLabel":"false","required":"true"},"type":"RECORD_ID","var":"レコード番号"},"5938665":{"id":"5938665","label":"更新者","properties":{"noLabel":"false","required":"true"},"type":"MODIFIER","var":"更新者"},"5938666":{"id":"5938666","label":"作成者","properties":{"noLabel":"false","required":"true"},"type":"CREATOR","var":"作成者"},"5938667":{"id":"5938667","label":"更新日時","properties":{"noLabel":"false","required":"true"},"type":"MODIFIED_AT","var":"更新日時"},"5938668":{"id":"5938668","label":"作成日時","properties":{"noLabel":"false","required":"true"},"type":"CREATED_AT","var":"作成日時"},"5938669":{"id":"5938669","label":"ステータス","properties":{"noLabel":"false","required":"false"},"type":"STATUS","var":"ステータス"},"5938670":{"id":"5938670","label":"作業者","properties":{"noLabel":"false","required":"false"},"type":"STATUS_ASSIGNEE","var":"作業者"},"5938671":{"id":"5938671","label":"カテゴリー","properties":{"noLabel":"false","required":"false"},"type":"CATEGORY","var":"カテゴリー"},"5938673":{"id":"5938673","label":"大分類名","properties":{"defaultValue":"","expression":"","hideExpression":"false","max":null,"min":null,"noLabel":"false","required":"false","unique":"false"},"type":"SINGLE_LINE_TEXT","var":"大分類名"},"5938681":{"id":"5938681","label":"大分類検索","properties":{"defaultValue":"","expression":"","hideExpression":"false","max":null,"min":null,"noLabel":"false","required":"true","unique":"false"},"type":"SINGLE_LINE_TEXT","var":"大分類検索"},"5938683":{"id":"5938683","label":"中分類名","properties":{"defaultValue":"","expression":"","hideExpression":"false","max":null,"min":null,"noLabel":"false","required":"true","unique":"false"},"type":"SINGLE_LINE_TEXT","var":"中分類名"},"5938684":{"id":"5938684","label":"情報検索","properties":{"defaultValue":"","expression":"","hideExpression":"false","max":"64","min":null,"noLabel":"false","required":"true","unique":"true"},"type":"SINGLE_LINE_TEXT","var":"情報検索"},"5938699":{"id":"5938699","label":"中分類検索","properties":{"defaultValue":"","expression":"","hideExpression":"false","max":null,"min":null,"noLabel":"false","required":"true","unique":"false"},"type":"SINGLE_LINE_TEXT","var":"中分類検索"},"5938700":{"id":"5938700","label":"小分類名","properties":{"defaultValue":"","expression":"","hideExpression":"false","max":null,"min":null,"noLabel":"false","required":"true","unique":"false"},"type":"SINGLE_LINE_TEXT","var":"小分類名"}},"id":"1","label":"__ROOT__","properties":null,"var":"__ROOT__"}},"settingsNotesForm":{"content":null,"willBeInherited":null},"status":{"actions":[],"filters":[],"initialStateId":null,"states":[],"useStatus":"false"},"uuid":"bbe77bbe-1733-4f4c-86c5-5fc1229c9adb","views":[{"advancedMode":"false","builtinType":null,"device":null,"fields":[{"row":[{"columnWidth":null,"id":"5938673"},{"columnWidth":null,"id":"5938683"},{"columnWidth":null,"id":"5938700"}]}],"filter":{"category":null,"offset":null,"order":["ASC","ASC","ASC"],"q":null,"size":null,"sort":["f5938673","f5938683","f5938700"]},"html":null,"keyFieldId":null,"name":"一覧","pager":null,"revision":null,"titleFieldId":null,"view":"5938723","viewType":"LIST"},{"advancedMode":null,"builtinType":"ALL","device":null,"fields":[{"row":[{"columnWidth":null,"id":"5938664"},{"columnWidth":null,"id":"5938673"},{"columnWidth":null,"id":"5938681"},{"columnWidth":null,"id":"5938683"},{"columnWidth":null,"id":"5938684"},{"columnWidth":null,"id":"5938699"},{"columnWidth":null,"id":"5938700"}]}],"filter":{"category":null,"offset":null,"order":[],"q":null,"size":null,"sort":[]},"html":null,"keyFieldId":null,"name":"（すべて）","pager":null,"revision":null,"titleFieldId":null,"view":"20","viewType":"LIST"}]}],"description":"","iconKey":"APP39","iconMeta":null,"iconSrcAppId":"a1fff6de-5e11-4894-afb1-a5e716010ec0","iconType":"PRESET","imagesMeta":[],"lookups":[{"actingAppId":"bbe77bbe-1733-4f4c-86c5-5fc1229c9adb","fieldMappings":[{"fieldId":"5938673","targetFieldId":"5938673"}],"keyMapping":{"fieldId":"5938681","targetFieldId":"5938679"},"listFields":[],"query":{"category":null,"offset":null,"order":["desc"],"q":"order by f5938664 desc","size":null,"sort":["f5938664"]},"targetAppId":"79daaf9d-9cef-48dc-bc84-ce292013cf83"},{"actingAppId":"bbe77bbe-1733-4f4c-86c5-5fc1229c9adb","fieldMappings":[{"fieldId":"5938683","targetFieldId":"5938683"}],"keyMapping":{"fieldId":"5938699","targetFieldId":"5938684"},"listFields":[],"query":{"category":null,"offset":null,"order":["desc"],"q":"order by f5938664 desc","size":null,"sort":["f5938664"]},"targetAppId":"102fbf22-e6a0-4f92-bc49-ada2af48447e"},{"actingAppId":"a1fff6de-5e11-4894-afb1-a5e716010ec0","fieldMappings":[{"fieldId":"5938712","targetFieldId":"5938649"},{"fieldId":"5938713","targetFieldId":"5938690"}],"keyMapping":{"fieldId":"5938711","targetFieldId":"5938650"},"listFields":["5938690"],"query":{"category":null,"offset":null,"order":["asc","asc","asc","asc"],"q":"order by f5938695 asc, f5938696 asc, f5938703 asc, f5938649 asc","size":null,"sort":["f5938695","f5938696","f5938703","f5938649"]},"targetAppId":"0136eeeb-e67f-45b9-9de9-cc27bb75be9b"},{"actingAppId":"0136eeeb-e67f-45b9-9de9-cc27bb75be9b","fieldMappings":[{"fieldId":"5938695","targetFieldId":"5938673"}],"keyMapping":{"fieldId":"5938685","targetFieldId":"5938679"},"listFields":[],"query":{"category":null,"offset":null,"order":["desc"],"q":"order by f5938664 desc","size":null,"sort":["f5938664"]},"targetAppId":"79daaf9d-9cef-48dc-bc84-ce292013cf83"},{"actingAppId":"0136eeeb-e67f-45b9-9de9-cc27bb75be9b","fieldMappings":[{"fieldId":"5938696","targetFieldId":"5938683"}],"keyMapping":{"fieldId":"5938686","targetFieldId":"5938684"},"listFields":[],"query":{"category":null,"offset":null,"order":["desc"],"q":"order by f5938664 desc","size":null,"sort":["f5938664"]},"targetAppId":"102fbf22-e6a0-4f92-bc49-ada2af48447e"},{"actingAppId":"0136eeeb-e67f-45b9-9de9-cc27bb75be9b","fieldMappings":[{"fieldId":"5938703","targetFieldId":"5938700"}],"keyMapping":{"fieldId":"5938702","targetFieldId":"5938684"},"listFields":[],"query":{"category":null,"offset":null,"order":["desc"],"q":"order by f5938664 desc","size":null,"sort":["f5938664"]},"targetAppId":"bbe77bbe-1733-4f4c-86c5-5fc1229c9adb"},{"actingAppId":"102fbf22-e6a0-4f92-bc49-ada2af48447e","fieldMappings":[{"fieldId":"5938673","targetFieldId":"5938673"}],"keyMapping":{"fieldId":"5938681","targetFieldId":"5938679"},"listFields":[],"query":{"category":null,"offset":null,"order":["desc"],"q":"order by f5938664 desc","size":null,"sort":["f5938664"]},"targetAppId":"79daaf9d-9cef-48dc-bc84-ce292013cf83"}],"name":"連携ルックアップ","references":[],"version":"39"}